Title,Date
"Tapoin äsken isäni: Kausi 1: Big Bad Burt","16.8.2022"
"Tapoin äsken isäni: Kausi 1: I Found My Son","16.8.2022"
"Tapoin äsken isäni: Kausi 1: I'm Not A Killer","16.8.2022"
"New Amsterdam: Kausi 1: Pilotti","15.8.2022"
"Häkkilinnut: Uidaan p*skassa","15.8.2022"
"Häkkilinnut: Me ollaan kaikki rikollisia","15.8.2022"
"Maahanmuuttajien maa: Minisarja: Valvonta","15.8.2022"
"Maahanmuuttajien maa: Minisarja: Pelon herättäminen","15.8.2022"
"Täpärästi vältettyjä terrori-iskuja: Kotitekoisia pommeja New Yorkin metrossa","15.8.2022"
"Häkkilinnut: Se läski ämmä","15.8.2022"
"Häkkilinnut: Oranssit päälle","15.8.2022"
"Cheer: Teksasin ihme: Kausi 2: Toiveita","14.8.2022"
"Yummy Mummies: Kausi 1: Jakso 1","14.8.2022"
"Häkkilinnut: New Orleans: Paras juosta","14.8.2022"
"Häkkilinnut: New Orleans: Surkea rikollinen","14.8.2022"
"Häkkilinnut: New Orleans: Kauppapäivän kaaos","14.8.2022"
"Vankilakokemuksia – Alku ja loppu: Tunnustuksia","14.8.2022"
"Tyttövangit: Kausi 2: Toinen mahdollisuus?","14.8.2022"
"Tyttövangit: Kausi 2: Elämä edessä","14.8.2022"
"Tyttövangit: Kausi 2: Menneisyys ei määritä minua","14.8.2022"
"Tyttövangit: Kausi 2: Kiehumispiste","14.8.2022"
"Tyttövangit: Kausi 2: Vierailupäivä","13.8.2022"
"Tyttövangit: Kausi 2: Älä tee niin kuin minä teen","13.8.2022"
"Tyttövangit: Kausi 2: Valmistujat","13.8.2022"
"Tyttövangit: Kausi 2: LaPorten tytöt","13.8.2022"
"Tyttövangit: Kausi 1: Luku 7: Heidin tarina","13.8.2022"
"Tyttövangit: Kausi 1: Luku 8: Mikään ei ole mahdotonta","13.8.2022"
"Tyttövangit: Kausi 1: Luku 6: Suuria odotuksia","13.8.2022"
"Tyttövangit: Kausi 1: Luku 5: Kiellettyä rakkautta","13.8.2022"
"Tyttövangit: Kausi 1: Luku 4: Mistä kaikki alkoi","12.8.2022"
"Tyttövangit: Kausi 1: Luku 3: Ilkeät tytöt","12.8.2022"
"Tyttövangit: Kausi 1: Luku 2: Jäähyväisiä","12.8.2022"
"Tyttövangit: Kausi 1: Luku 1: Madisonin tytöt","12.8.2022"
"Maid: Minisarja: Ponies","12.8.2022"
"Maid: Minisarja: Dollar Store","12.8.2022"
"Billy Lynn's Long Halftime Walk","12.8.2022"
"Bonding: Kausi 1: Let's Get Physical","11.8.2022"
"Bonding: Kausi 1: The Past Is Not Always Behind","11.8.2022"
"Bonding: Kausi 1: Pete Shy","11.8.2022"
"Bonding: Kausi 1: Old Friends, New Names","11.8.2022"
"Purple Hearts","10.8.2022"
"Salvation: Kausi 1: Pilotti","10.8.2022"
"Outer Banks: Kausi 1: Pilotti","9.8.2022"
"Viisasteleva sydän","6.8.2022"
"Alba: Mikä on Alban rikos?","6.8.2022"
"Shawn Mendes: In Wonder","6.8.2022"
"Arrow: Kausi 8: Green Arrow & The Canaries","5.8.2022"
"Chicago Med: Kausi 1: Derailed","4.8.2022"
"The Space Between Us","3.8.2022"
"Miss Americana","21.7.2022"
"FYRE: Luksusfestivaali, joka lässähti","21.7.2022"
"Kardashianit: Kausi 10: Uusia alkuja","21.7.2022"
"ariana grande: excuse me, i love you","19.7.2022"
"Travis Scott: Look Mom I Can Fly","19.7.2022"
"Jennifer Lopez: Halftime","17.7.2022"
"Chicago Fire: Kausi 1: Professional Courtesy","15.7.2022"
"Chicago Fire: Kausi 1: Mon Amour","15.7.2022"
"Chicago Fire: Kausi 1: Pilotti","15.7.2022"
"S.W.A.T.: Kausi 4: Veritas Vincit","15.7.2022"
"S.W.A.T.: Kausi 4: Whistleblower","15.7.2022"
"S.W.A.T.: Kausi 4: Lockdown","14.7.2022"
"S.W.A.T.: Kausi 4: Local Heroes","14.7.2022"
"S.W.A.T.: Kausi 4: Reckoning","14.7.2022"
"S.W.A.T.: Kausi 4: Sins of the Fathers","14.7.2022"
"S.W.A.T.: Kausi 4: U-Turn","14.7.2022"
"S.W.A.T.: Kausi 4: Positive Thinking","13.7.2022"
"S.W.A.T.: Kausi 4: Buried","13.7.2022"
"S.W.A.T.: Kausi 4: Next of Kin","13.7.2022"
"S.W.A.T.: Kausi 4: Crusade","13.7.2022"
"S.W.A.T.: Kausi 4: Under Fire","12.7.2022"
"S.W.A.T.: Kausi 4: Hopeless Sinners","12.7.2022"
"S.W.A.T.: Kausi 4: Fracture","12.7.2022"
"S.W.A.T.: Kausi 4: Memento Mori","12.7.2022"
"S.W.A.T.: Kausi 4: The Black Hand Man","12.7.2022"
"S.W.A.T.: Kausi 4: Stakeout","12.7.2022"
"S.W.A.T.: Kausi 4: 3 Seventeen Year Olds","12.7.2022"
"S.W.A.T.: Kausi 3: Diablo","11.7.2022"
"S.W.A.T.: Kausi 3: Wild Ones","11.7.2022"
"S.W.A.T.: Kausi 3: Vice","11.7.2022"
"S.W.A.T.: Kausi 3: Stigma","11.7.2022"
"S.W.A.T.: Kausi 3: Hotel L.A.","11.7.2022"
"S.W.A.T.: Kausi 3: Gunpowder Treason","11.7.2022"
"S.W.A.T.: Kausi 3: Knockout","11.7.2022"
"S.W.A.T.: Kausi 3: Animus","11.7.2022"
"S.W.A.T.: Kausi 3: Ekitai Rashku","10.7.2022"
"S.W.A.T.: Kausi 3: Good Cop","10.7.2022"
"S.W.A.T.: Kausi 3: Bad Cop","10.7.2022"
"S.W.A.T.: Kausi 3: Monster","10.7.2022"
"S.W.A.T.: Kausi 1: Hoax","10.7.2022"
"The Rain: Kausi 2: Pelasta itsesi","10.7.2022"
"S.W.A.T.: Kausi 3: Sea Legs","10.7.2022"
"S.W.A.T.: Kausi 3: Lion's Den","10.7.2022"
"S.W.A.T.: Kausi 3: Track","10.7.2022"
"S.W.A.T.: Kausi 3: Kingdom","10.7.2022"
"S.W.A.T.: Kausi 3: The LBC","9.7.2022"
"S.W.A.T.: Kausi 3: Immunity","9.7.2022"
"S.W.A.T.: Kausi 3: Funny Money","9.7.2022"
"S.W.A.T.: Kausi 3: Bad Faith","9.7.2022"
"S.W.A.T.: Kausi 3: Fire in the Sky","9.7.2022"
"S.W.A.T.: Kausi 2: Kangaroo","9.7.2022"
"S.W.A.T.: Kausi 2: Trigger Creep","9.7.2022"
"S.W.A.T.: Kausi 2: Day of Dread","9.7.2022"
"S.W.A.T.: Kausi 2: Rocket Fuel","9.7.2022"
"S.W.A.T.: Kausi 2: Invisible","9.7.2022"
"S.W.A.T.: Kausi 2: Cash Flow","8.7.2022"
"S.W.A.T.: Kausi 2: Jack","8.7.2022"
"S.W.A.T.: Kausi 2: Pride","8.7.2022"
"S.W.A.T.: Kausi 2: Fallen","8.7.2022"
"S.W.A.T.: Kausi 2: The B-Team","8.7.2022"
"S.W.A.T.: Kausi 2: Encore","8.7.2022"
"S.W.A.T.: Kausi 2: Los Huesos","7.7.2022"
"S.W.A.T.: Kausi 2: School","7.7.2022"
"S.W.A.T.: Kausi 2: 1000 Joules","6.7.2022"
"S.W.A.T.: Kausi 2: Day Off","6.7.2022"
"S.W.A.T.: Kausi 2: The Tiffany Experience","6.7.2022"
"S.W.A.T.: Kausi 2: Inheritance","6.7.2022"
"S.W.A.T.: Kausi 2: Never Again","5.7.2022"
"S.W.A.T.: Kausi 2: S.O.S.","5.7.2022"
"S.W.A.T.: Kausi 2: Saving Face","5.7.2022"
"S.W.A.T.: Kausi 2: Fire and Smoke","5.7.2022"
"S.W.A.T.: Kausi 2: Gasoline Drum","5.7.2022"
"S.W.A.T.: Kausi 2: Shaky Town","5.7.2022"
"S.W.A.T.: Kausi 1: Hunted","4.7.2022"
"S.W.A.T.: Kausi 1: Vendetta","4.7.2022"
"S.W.A.T.: Kausi 1: Source","4.7.2022"
"S.W.A.T.: Kausi 1: Patrol","4.7.2022"
"S.W.A.T.: Kausi 1: Armory","4.7.2022"
"S.W.A.T.: Kausi 1: Payback","4.7.2022"
"S.W.A.T.: Kausi 1: Crews","3.7.2022"
"S.W.A.T.: Kausi 1: Ghosts","3.7.2022"
"S.W.A.T.: Kausi 1: Fences","3.7.2022"
"S.W.A.T.: Kausi 1: Contamination","3.7.2022"
"Love Jacked","3.7.2022"
"S.W.A.T.: Kausi 1: K-town","2.7.2022"
"S.W.A.T.: Kausi 1: Seizure","2.7.2022"
"S.W.A.T.: Kausi 1: Blindspots","2.7.2022"
"S.W.A.T.: Kausi 1: Miracle","2.7.2022"
"S.W.A.T.: Kausi 1: Homecoming","2.7.2022"
"S.W.A.T.: Kausi 1: Imposters","2.7.2022"
"S.W.A.T.: Kausi 1: Octane","2.7.2022"
"S.W.A.T.: Kausi 1: Pamilya","1.7.2022"
"S.W.A.T.: Kausi 1: Radical","1.7.2022"
"S.W.A.T.: Kausi 1: Cuchillo","1.7.2022"
"S.W.A.T.: Kausi 1: Pilotti","1.7.2022"
"The Rain: Kausi 2: Pidä tilanne hallinnassa","30.6.2022"
"The Rain: Kausi 2: Kipeä totuus","29.6.2022"
"The Rain: Kausi 1: Pysy sisällä","29.6.2022"
"The Rain: Kausi 3: Älä luovuta","29.6.2022"
"The Rain: Kausi 2: Vahvimmat selviävät","29.6.2022"
"The Rain: Kausi 2: Vältä kontaktia","29.6.2022"
"Emily in Paris: Kausi 1: French Ending","28.6.2022"
"Emily in Paris: Kausi 1: Ringarde","28.6.2022"
"The Rain: Kausi 1: Luota vaistoihisi","28.6.2022"
"The Rain: Kausi 1: Älä puhu muukalaisille","28.6.2022"
"The Rain: Kausi 1: Pidä ystävät lähellä","28.6.2022"
"The Rain: Kausi 1: Uskalla uskoa","28.6.2022"
"The Rain: Kausi 1: Älä luota kehenkään","28.6.2022"
"The Rain: Kausi 1: Vältä kaupunkia","27.6.2022"
"Ole niin kiltti, älä rakasta häntä","27.6.2022"
"Designated Survivor: Kausi 2: Run","27.6.2022"
"Yksi täydellinen päivä","27.6.2022"
"The Rain: Kausi 1: Pysykää yhdessä","27.6.2022"
"Ikkunani takana","26.6.2022"
"22 July","26.6.2022"
"Adrift","26.6.2022"
"365 päivää: Tämä päivä","26.6.2022"
"365 päivää","25.6.2022"
"The F**k-It List","25.6.2022"
"Sinussa on se jokin","24.6.2022"
"Designated Survivor: Kausi 2: Target","24.6.2022"
"Designated Survivor: Kausi 1: Pilotti","24.6.2022"
"Designated Survivor: Kausi 2: Line of Fire","24.6.2022"
"Designated Survivor: Kausi 2: Bad Reception","23.6.2022"
"Designated Survivor: Kausi 2: Capacity","23.6.2022"
"Designated Survivor: Kausi 2: Kirkman Agonistes","23.6.2022"
"Designated Survivor: Kausi 2: Overkill","22.6.2022"
"Designated Survivor: Kausi 2: Fallout","22.6.2022"
"Designated Survivor: Kausi 2: Summit","22.6.2022"
"Designated Survivor: Kausi 2: In the Dark","22.6.2022"
"Designated Survivor: Kausi 2: Original Sin","22.6.2022"
"Designated Survivor: Kausi 2: Grief","21.6.2022"
"Kerro minulle jotain hyvää","21.6.2022"
"Designated Survivor: Kausi 2: The Final Frontier","21.6.2022"
"Designated Survivor: Kausi 2: Three Letter Day","21.6.2022"
"Designated Survivor: Kausi 2: Home","20.6.2022"
"Designated Survivor: Kausi 2: Family Ties","20.6.2022"
"Designated Survivor: Kausi 2: Two Ships","20.6.2022"
"Designated Survivor: Kausi 2: Suckers","20.6.2022"
"Unelmien naapuri","20.6.2022"
"Designated Survivor: Kausi 2: Equilibrium","19.6.2022"
"Designated Survivor: Kausi 1: Brace for Impact","19.6.2022"
"Designated Survivor: Kausi 2: Outbreak","19.6.2022"
"Designated Survivor: Kausi 2: Sting of the Tail","19.6.2022"
"Designated Survivor: Kausi 2: One Year In","18.6.2022"
"Designated Survivor: Kausi 1: Bombshell","18.6.2022"
"Designated Survivor: Kausi 1: Misalliance","18.6.2022"
"Designated Survivor: Kausi 1: Lazarus","18.6.2022"
"Designated Survivor: Kausi 1: The Ninth Seat","18.6.2022"
"Designated Survivor: Kausi 1: Party Lines","18.6.2022"
"Designated Survivor: Kausi 1: One Hundred Days","18.6.2022"
"Designated Survivor: Kausi 1: Commander-in-Chief","18.6.2022"
"Designated Survivor: Kausi 1: Backfire","17.6.2022"
"Designated Survivor: Kausi 1: The End of the Beginning","17.6.2022"
"Designated Survivor: Kausi 1: Warriors","17.6.2022"
"Designated Survivor: Kausi 1: The Oath","17.6.2022"
"Designated Survivor: Kausi 1: The Blueprint","17.6.2022"
"Designated Survivor: Kausi 1: The Results","17.6.2022"
"Designated Survivor: Kausi 1: The Traitor","17.6.2022"
"Designated Survivor: Kausi 1: The Interrogation","16.6.2022"
"Designated Survivor: Kausi 1: The Mission","16.6.2022"
"Designated Survivor: Kausi 1: The Enemy","16.6.2022"
"Designated Survivor: Kausi 1: The Confession","16.6.2022"
"Designated Survivor: Kausi 1: The First Day","16.6.2022"
"Mia ja valkoinen leijona","9.6.2022"
"Fifty Shades of Grey","3.6.2022"
"Interceptor","3.6.2022"
"After We Collided","1.6.2022"
"Emily in Paris: Kausi 1: Faux Amis","26.5.2022"
"Emily in Paris: Kausi 1: A Kiss Is Just a Kiss","25.5.2022"
"Emily in Paris: Kausi 1: Sexy or Sexist","24.5.2022"
"Emily in Paris: Kausi 1: Masculin Féminin","24.5.2022"
"Emily in Paris: Kausi 1: Emily in Paris","23.5.2022"
"Joulu Kaliforniassa","23.5.2022"
"The Midnight Sky","20.5.2022"
"Tinder-huijarin jäljillä","19.5.2022"
"Täydellinen yhdistelmä","19.5.2022"
"Altered Carbon – Muuntohiili: Kausi 1: The Killers","18.5.2022"
"Altered Carbon – Muuntohiili: Kausi 1: Rage in Heaven","18.5.2022"
"Altered Carbon – Muuntohiili: Kausi 1: Clash by Night","18.5.2022"
"Altered Carbon – Muuntohiili: Kausi 1: Nora Inu","18.5.2022"
"Altered Carbon – Muuntohiili: Kausi 1: Man with My Face","18.5.2022"
"Altered Carbon – Muuntohiili: Kausi 1: The Wrong Man","18.5.2022"
"Altered Carbon – Muuntohiili: Kausi 1: Force of Evil","17.5.2022"
"Altered Carbon – Muuntohiili: Kausi 1: In a Lonely Place","17.5.2022"
"Altered Carbon – Muuntohiili: Kausi 1: Fallen Angel","17.5.2022"
"Newness","17.5.2022"
"Altered Carbon – Muuntohiili: Kausi 1: Out of the Past","17.5.2022"
"Queen of the South: Kausi 1: Pilotti","17.5.2022"
"SPF-18","17.5.2022"
"Blue Lagoon: The Awakening","17.5.2022"
"5. aalto","17.5.2022"
"Täydellinen kavaljeeri","17.5.2022"
"I Still Believe","16.5.2022"
"Rip Tide","16.5.2022"
"Passengers","16.5.2022"
"White Girl","16.5.2022"
"iBOY","16.5.2022"
"Bodyguard – Henkivartija: Jakso 6","15.5.2022"
"Bodyguard – Henkivartija: Jakso 5","15.5.2022"
"Bodyguard – Henkivartija: Jakso 4","15.5.2022"
"Bodyguard – Henkivartija: Jakso 3","15.5.2022"
"Bodyguard – Henkivartija: Jakso 2","15.5.2022"
"Bodyguard – Henkivartija: Jakso 1","15.5.2022"
"Yksi meistä valehtelee: Pilotti","14.5.2022"
"Along for the Ride","14.5.2022"
"6 vuotta","14.5.2022"
"Endless Love","13.5.2022"
"The Edge of Seventeen","7.5.2022"
"Spider-Man 3 - Hämähäkkimies 3","6.5.2022"
"The Amazing Spider-Man 2","4.5.2022"
"Meistä tulee sankareita","3.5.2022"
"Spider-Man: Homecoming","3.5.2022"
"The Amazing Spider-Man","2.5.2022"
"The In Between","2.5.2022"
"Warrior Nun: Kausi 1: Psalmit 46:5","2.5.2022"
"Sweet Girl","2.5.2022"
"Paluu avaruuteen","10.4.2022"
"Ghost Rider - aaveajaja","7.4.2022"
"H: Kausi 1: Meressä kelluvat nuket","5.4.2022"
"The Order: Kausi 2: Spring Outbreak, osa 2","3.4.2022"
"800 metriä: Minisarja: Ystäväjoukko","31.3.2022"
"Riverdale: Kausi 6: Luku 101: Unbelievable","30.3.2022"
"The Order: Kausi 2: Spring Outbreak, osa 1","28.3.2022"
"The Order: Kausi 2: New World Order, osa 1","28.3.2022"
"The Order: Kausi 2: New World Order, osa 2","27.3.2022"
"Immortals: Jakso 1","26.3.2022"
"Titans: Kausi 3: Purple Rain","25.3.2022"
"The Order: Kausi 2: The Commons, osa 2","25.3.2022"
"The Order: Kausi 2: The Commons, osa 1","25.3.2022"
"The Order: Kausi 2: Fear Itself, osa 2","25.3.2022"
"Teen Wolf: Kausi 3: Insatiable","24.3.2022"
"Teen Wolf: Kausi 3: The Divine Move","24.3.2022"
"The Order: Kausi 2: Fear Itself, osa 1","24.3.2022"
"The Order: Kausi 1: Finals: Osa 2","24.3.2022"
"The Order: Kausi 2: Free Radicals, osa 2","24.3.2022"
"The Order: Kausi 2: Free Radicals, osa 1","23.3.2022"
"The Order: Kausi 1: Finals: Osa 1","23.3.2022"
"The Order: Kausi 1: Undeclared: Osa 2","23.3.2022"
"The Order: Kausi 1: Homecoming: Osa 1","22.3.2022"
"The Order: Kausi 1: Homecoming: Osa 2","22.3.2022"
"The Order: Kausi 1: Undeclared: Osa 1","22.3.2022"
"The Order: Kausi 1: Introduction to Ethics: Osa 2","21.3.2022"
"The Order: Kausi 1: Introduction to Ethics: Osa 1","21.3.2022"
"The Order: Kausi 1: Hell Week: Osa 2","21.3.2022"
"The Order: Kausi 1: Hell Week: Osa 1","20.3.2022"
"The Society: How it Happens","20.3.2022"
"The Society: New Names","20.3.2022"
"The Society: Poison","20.3.2022"
"The Society: Allie's Rules","20.3.2022"
"The Society: Like a F-ing God or Something","20.3.2022"
"The Society: Putting on the Clothes","20.3.2022"
"The Society: Drop by Drop","20.3.2022"
"The Society: Childhood's End","20.3.2022"
"The Society: Our Town","20.3.2022"
"The Society: What Happened","20.3.2022"
"Shadowhunters: The Mortal Instruments: Kausi 1: Blood Calls to Blood","20.3.2022"
"Spinning Out: Now Entering Sun Valley","20.3.2022"
"Outer Banks: Kausi 1: Dead Calm","19.3.2022"
"Outer Banks: Kausi 2: The Heist","19.3.2022"
"Outer Banks: Kausi 2: The Gold","19.3.2022"
"Outer Banks: Kausi 2: Trapped","19.3.2022"
"Outer Banks: Kausi 2: The Coastal Venture","19.3.2022"
"Fate: The Winx Saga: Kausi 1: No Strangers Here","19.3.2022"
"Fate: The Winx Saga: Kausi 1: To the Waters and the Wild","19.3.2022"
"Gotham: Kausi 1: Pilotti","19.3.2022"
"Varjo ja riipus: Kausi 1: Ei surijoita","19.3.2022"
"Varjo ja riipus: Kausi 1: Kuilu","19.3.2022"
"Varjo ja riipus: Kausi 1: Sydän on kuin nuoli","19.3.2022"
"Varjo ja riipus: Kausi 1: Näytä kuka olet","19.3.2022"
"Varjo ja riipus: Kausi 1: Grisha vai ei?","18.3.2022"
"Happi","18.3.2022"
"Alus 9","18.3.2022"
"Varjo ja riipus: Kausi 1: Linnun lento näyttää helpolta","18.3.2022"
"Varjo ja riipus: Kausi 1: Sankareita ja roistoja","18.3.2022"
"Shadowhunters: The Mortal Instruments: Kausi 2: Parabatai Lost","18.3.2022"
"Jumper","18.3.2022"
"Varjo ja riipus: Kausi 1: Valtavan kirkas valonpurkaus","17.3.2022"
"October Faction: Presidio","17.3.2022"
"Löytökoira Ruby","17.3.2022"
"Shadowhunters: The Mortal Instruments: Kausi 1: This World Inverted","17.3.2022"
"Shadowhunters: The Mortal Instruments: Kausi 3B: Original Sin","16.3.2022"
"Shadowhunters: The Mortal Instruments: Kausi 1: Dead Man's Party","16.3.2022"
"Shadowhunters: The Mortal Instruments: Kausi 1: Rise Up","16.3.2022"
"Shadowhunters: The Mortal Instruments: Kausi 1: Bad Blood","15.3.2022"
"Shadowhunters: The Mortal Instruments: Kausi 1: Major Arcana","15.3.2022"
"Shadowhunters: The Mortal Instruments: Kausi 3B: Alliance","14.3.2022"
"Shadowhunters: The Mortal Instruments: Kausi 3B: Lost Souls","14.3.2022"
"Shadowhunters: The Mortal Instruments: Kausi 3B: All Good Things…","14.3.2022"
"Shadowhunters: The Mortal Instruments: Kausi 3: Erchomai","14.3.2022"
"Shadowhunters: The Mortal Instruments: Kausi 1: Of Men and Angels","14.3.2022"
"Shadowhunters: The Mortal Instruments: Kausi 1: Moo Shu to Go","14.3.2022"
"Shadowhunters: The Mortal Instruments: Kausi 1: Raising Hell","14.3.2022"
"Shadowhunters: The Mortal Instruments: Kausi 1: The Descent Into Hell Isn't Easy","13.3.2022"
"Shadowhunters: The Mortal Instruments: Kausi 1: The Mortal Cup","13.3.2022"
"13 Reasons Why: Kausi 1: Tape 1, Side A","13.3.2022"
"Sense8: Kausi 1: Limbic Resonance","13.3.2022"
"Rugal: Jakso 1","12.3.2022"
"Vampyyrit: Tavallinen lukiolainen","12.3.2022"
"Kuolevaiset: Kausi 1: Vakava paikka","12.3.2022"
"Raising Dion: Kausi 2: ISSUE #208: Who You Are","12.3.2022"
"Raising Dion: Kausi 2: ISSUE #207: World Without Mom","12.3.2022"
"The Flash: Kausi 7: Heart of the Matter, osa 2","11.3.2022"
"Test Patterns: Kausi 1: Multipurpose Chart: 3840x2160: 23.976 fps","11.3.2022"
"Raising Dion: Kausi 2: ISSUE #206: 36 Good Hours","11.3.2022"
"Raising Dion: Kausi 2: ISSUE #205: You vs. Me","11.3.2022"
"The Kissing Booth 3","11.3.2022"
"The Flash: Kausi 7: All's Wells That Ends Wells","11.3.2022"
"The Flash: Kausi 3: Borrowing Problems From the Future","10.3.2022"
"The Flash: Kausi 3: The Present","10.3.2022"
"The Flash: Kausi 3: Invasion!","10.3.2022"
"The Flash: Kausi 3: Killer Frost","10.3.2022"
"The Flash: Kausi 3: Shade","10.3.2022"
"The Flash: Kausi 3: Monster","10.3.2022"
"The Flash: Kausi 3: The New Rogues","10.3.2022"
"The Flash: Kausi 3: Magenta","10.3.2022"
"The Flash: Kausi 3: Paradox","10.3.2022"
"The Flash: Kausi 3: Flashpoint","10.3.2022"
"The Flash: Kausi 2: Flash of Two Worlds","10.3.2022"
"The Flash: Kausi 2: The Man Who Saved Central City","10.3.2022"
"The Flash: Kausi 1: Fast Enough","10.3.2022"
"The Flash: Kausi 1: All Star Team Up","10.3.2022"
"The Flash: Kausi 1: Tricksters","10.3.2022"
"The Flash: Kausi 1: Rogue Time","10.3.2022"
"The Flash: Kausi 1: Out of Time","10.3.2022"
"The Flash: Kausi 4: The Flash Reborn","10.3.2022"
"Titans: Kausi 3: Prodigal","10.3.2022"
"Tiny Pretty Things: Split Sole","9.3.2022"
"Raising Dion: Kausi 2: ISSUE #204: With Friends Like These","9.3.2022"
"Teen Wolf: Kausi 3: Alpha Pact","9.3.2022"
"Raising Dion: Kausi 2: ISSUE #203: Monster Problem","8.3.2022"
"Raising Dion: Kausi 1: ISSUE #101: How Do You Raise a Superhero?","8.3.2022"
"Raising Dion: Kausi 1: ISSUE #108: You Won't Like Him When He's Angry","8.3.2022"
"Raising Dion: Kausi 2: ISSUE #202: Sankofa","8.3.2022"
"Raising Dion: Kausi 2: ISSUE #201: A Hero Returns","8.3.2022"
"Raising Dion: Kausi 1: ISSUE #109: Storm Killer","8.3.2022"
"Raising Dion: Kausi 1: ISSUE #107: Why So Vomity?","8.3.2022"
"Raising Dion: Kausi 1: ISSUE #106: Super Friends","7.3.2022"
"Greenhouse Academy: Kausi 1: Pilotti","7.3.2022"
"Raising Dion: Kausi 1: ISSUE #105: Days of Mark's Future Past","7.3.2022"
"Raising Dion: Kausi 1: ISSUE #104: Welcome to BIONA. Hope You Survive the Experience","7.3.2022"
"Raising Dion: Kausi 1: ISSUE #103: Watch Man","7.3.2022"
"Raising Dion: Kausi 1: ISSUE #102: Fortress of Solitude","7.3.2022"
"Jupiter's Legacy: By Dawn's Early Light","7.3.2022"
"Get Even: Get On It","7.3.2022"
"Cursed: Nimue","7.3.2022"
"The Witcher – Noituri: Kausi 1: Lopun alku","7.3.2022"
"Sabrina: Pimeällä puolella: Osa 1: Ensimmäinen luku: October Country","6.3.2022"
"Titans: Kausi 1: Titans","5.3.2022"
"Titans: Kausi 3: The Call Is Coming from Inside the House","4.3.2022"
"Titans: Kausi 3: Troubled Water","4.3.2022"
"Titans: Kausi 3: Souls","4.3.2022"
"Titans: Kausi 3: Home","4.3.2022"
"Titans: Kausi 3: 51%","4.3.2022"
"Titans: Kausi 3: Lady Vic","3.3.2022"
"Titans: Kausi 3: Lazarus","3.3.2022"
"Titans: Kausi 3: Blackfire","3.3.2022"
"Titans: Kausi 3: Hank & Dove","3.3.2022"
"Titans: Kausi 3: Red Hood","3.3.2022"
"Titans: Kausi 3: Barbara Gordon","3.3.2022"
"Titans: Kausi 2: Nightwing","2.3.2022"
"Titans: Kausi 2: Faux-Hawk","2.3.2022"
"Titans: Kausi 2: E.L._.O.","2.3.2022"
"Titans: Kausi 2: Fallen","1.3.2022"
"Titans: Kausi 2: Atonement","1.3.2022"
"Titans: Kausi 2: Jericho","1.3.2022"
"Titans: Kausi 2: Bruce Wayne","1.3.2022"
"Titans: Kausi 2: Conner","1.3.2022"
"Titans: Kausi 2: Deathstroke","28.2.2022"
"Titans: Kausi 2: Aqualad","28.2.2022"
"Titans: Kausi 2: Ghosts","28.2.2022"
"Titans: Kausi 2: Rose","28.2.2022"
"Titans: Kausi 2: Trigon","28.2.2022"
"Titans: Kausi 1: Dick	Grayson","28.2.2022"
"Titans: Kausi 1: Koriand'r","28.2.2022"
"Titans: Kausi 1: Hank and	Dawn","28.2.2022"
"Titans: Kausi 1: Donna Troy","27.2.2022"
"Titans: Kausi 1: The Asylum","27.2.2022"
"Titans: Kausi 1: Jason Todd","27.2.2022"
"Titans: Kausi 1: Together","27.2.2022"
"Tuulta kohti","27.2.2022"
"Titans: Kausi 1: Doom Patrol","27.2.2022"
"Titans: Kausi 1: Origins","27.2.2022"
"Riverdale: Kausi 2: Luku 33: Shadow of a Doubt","27.2.2022"
"Riverdale: Kausi 1: Luku 13: The Sweet Hereafter","26.2.2022"
"Riverdale: Kausi 2: Luku 14: A Kiss Before Dying","26.2.2022"
"Titans: Kausi 1: Hawk and Dove","26.2.2022"
"Riverdale: Kausi 6: Luku 100: The Jughead Paradox","26.2.2022"
"Riverdale: Kausi 6: Luku 99: The Witching Hour(s)","26.2.2022"
"Riverdale: Kausi 6: Luku 98: Mr. Cypher","26.2.2022"
"Riverdale: Kausi 6: Luku 97: Ghosts Stories","26.2.2022"
"Riverdale: Kausi 6: Luku 96: Welcome to Rivervale","26.2.2022"
"Riverdale: Kausi 5: Luku 95: Riverdale: RIP(?)","26.2.2022"
"Riverdale: Kausi 5: Luku 94: Next to Normal","26.2.2022"
"Riverdale: Kausi 5: Luku 93: Dance of Death","26.2.2022"
"Riverdale: Kausi 5: Luku 92: Band of Brothers","26.2.2022"
"Riverdale: Kausi 5: Luku 91: The Pussycats","26.2.2022"
"Riverdale: Kausi 5: Luku 90: The Night Gallery","26.2.2022"
"Riverdale: Kausi 5: Luku 89: Reservoir Dogs","26.2.2022"
"Riverdale: Kausi 5: Luku 88: Citizen Lodge","26.2.2022"
"Riverdale: Kausi 5: Luku 87: Strange Bedfellows","26.2.2022"
"Riverdale: Kausi 5: Luku 86: The Pincushion Man","26.2.2022"
"Riverdale: Kausi 5: Luku 85: Destroyer","26.2.2022"
"Riverdale: Kausi 5: Luku 84: Lock & Key","26.2.2022"
"Riverdale: Kausi 5: Luku 83: Fire in the Sky","26.2.2022"
"Riverdale: Kausi 5: Luku 82: Back to School","26.2.2022"
"Riverdale: Kausi 5: Luku 81: The Homecoming","26.2.2022"
"Riverdale: Kausi 5: Luku 80: Purgatorio","26.2.2022"
"Riverdale: Kausi 5: Luku 79: Graduation","26.2.2022"
"Riverdale: Kausi 5: Luku 78: The Preppy Murders","26.2.2022"
"Riverdale: Kausi 5: Luku 77: Climax","26.2.2022"
"Riverdale: Kausi 4: Luku 76: Killing Mr. Honey","26.2.2022"
"Riverdale: Kausi 4: Luku 75: Lynchian","26.2.2022"
"Riverdale: Kausi 4: Luku 74: Wicked Little Town","26.2.2022"
"Riverdale: Kausi 4: Luku 73: The Locked Room","26.2.2022"
"Riverdale: Kausi 4: Luku 72: To Die For","26.2.2022"
"Riverdale: Kausi 4: Luku 71: How To Get Away With Murder","26.2.2022"
"Riverdale: Kausi 4: Luku 70: The Ides of March","26.2.2022"
"Riverdale: Kausi 4: Luku 69: Men of Honor","25.2.2022"
"Riverdale: Kausi 4: Luku 68: Quiz Show","25.2.2022"
"Riverdale: Kausi 4: Luku 67: Varsity Blues","25.2.2022"
"Riverdale: Kausi 4: Luku 66: Tangerine","25.2.2022"
"Riverdale: Kausi 4: Luku 65: In Treatment","25.2.2022"
"Riverdale: Kausi 4: Luku 64: The Ice Storm","25.2.2022"
"Riverdale: Kausi 4: Luku 63: Hereditary","25.2.2022"
"Riverdale: Kausi 4: Luku 62: Witness for the Prosecution","25.2.2022"
"Riverdale: Kausi 4: Luku 61: Halloween","25.2.2022"
"Riverdale: Kausi 4: Luku 60: Dog Day Afternoon","25.2.2022"
"Riverdale: Kausi 4: Luku 59: Fast Times at Riverdale High","25.2.2022"
"Riverdale: Kausi 3: Luku 55: Prom Night","25.2.2022"
"Riverdale: Kausi 4: Luku 58: In Memoriam","25.2.2022"
"Riverdale: Kausi 3: Luku 57: Survive the Night","25.2.2022"
"Riverdale: Kausi 3: Luku 56: The Dark Secret of Harvest House","25.2.2022"
"Riverdale: Kausi 3: Luku 54: Fear the Reaper","25.2.2022"
"Riverdale: Kausi 3: Luku 53: Jawbreaker","25.2.2022"
"Riverdale: Kausi 3: Luku 52: The Raid","25.2.2022"
"Riverdale: Kausi 3: Luku 51: Big Fun","25.2.2022"
"Riverdale: Kausi 3: Luku 50: American Dreams","25.2.2022"
"Riverdale: Kausi 3: Luku 49: Fire Walk With Me","25.2.2022"
"Riverdale: Kausi 3: Luku 48: Requiem for a Welterweight","25.2.2022"
"Riverdale: Kausi 3: Luku 47: Bizarrodale","25.2.2022"
"Riverdale: Kausi 3: Luku 46: The Red Dahlia","25.2.2022"
"Riverdale: Kausi 3: Luku 45: The Stranger","25.2.2022"
"Riverdale: Kausi 3: Luku 44: No Exit","24.2.2022"
"Riverdale: Kausi 3: Luku 43: Outbreak","24.2.2022"
"Riverdale: Kausi 3: Luku 42: The Man in Black","24.2.2022"
"Riverdale: Kausi 3: Luku 41: Manhunter","24.2.2022"
"Riverdale: Kausi 3: Luku 40: The Great Escape","24.2.2022"
"Riverdale: Kausi 3: Luku 39: The Midnight Club","24.2.2022"
"Riverdale: Kausi 3: Luku 38: As Above, So Below","24.2.2022"
"Riverdale: Kausi 3: Luku 37: Fortune and Men's Eyes","24.2.2022"
"Riverdale: Kausi 3: Luku 36: Labor Day","24.2.2022"
"Riverdale: Kausi 2: Luku 35: Brave New World","24.2.2022"
"Riverdale: Kausi 2: Luku 34: Judgment Night","24.2.2022"
"Riverdale: Kausi 2: Luku 32: Prisoners","24.2.2022"
"Riverdale: Kausi 2: Luku 31: A Night to Remember","24.2.2022"
"Riverdale: Kausi 2: Luku 30: The Noose Tightens","24.2.2022"
"Riverdale: Kausi 2: Luku 29: Primary Colors","24.2.2022"
"Riverdale: Kausi 2: Luku 28: There Will Be Blood","24.2.2022"
"Riverdale: Kausi 2: Luku 27: The Hills Have Eyes","24.2.2022"
"Riverdale: Kausi 2: Luku 26: The Tell-Tale Heart","23.2.2022"
"Riverdale: Kausi 2: Luku 25: The Wicked and the Divine","23.2.2022"
"Riverdale: Kausi 2: Luku 24: The Wrestler","23.2.2022"
"Riverdale: Kausi 2: Luku 23: The Blackboard Jungle","23.2.2022"
"Riverdale: Kausi 2: Luku 22: Silent Night, Deadly Night","23.2.2022"
"Riverdale: Kausi 2: Luku 21: House of the Devil","23.2.2022"
"Riverdale: Kausi 2: Luku 20: Tales from the Darkside","23.2.2022"
"Riverdale: Kausi 2: Luku 19: Death Proof","23.2.2022"
"Riverdale: Kausi 2: Luku 18: When a Stranger Calls","23.2.2022"
"Riverdale: Kausi 2: Luku 17: The Town That Dreaded Sundown","23.2.2022"
"Riverdale: Kausi 2: Luku 16: The Watcher in the Woods","23.2.2022"
"Riverdale: Kausi 2: Luku 15: Nighthawks","23.2.2022"
"Riverdale: Kausi 1: Luku 3: Body Double","23.2.2022"
"Riverdale: Kausi 1: Luku 2: Touch of Evil","22.2.2022"
"Riverdale: Kausi 1: Luku 1: The River's Edge","22.2.2022"
"Dare Me: Jakso 1","21.2.2022"
"TAU","21.2.2022"
"Marvel's Iron Fist: Snow Gives Way","14.2.2022"
"I Am Mother","14.2.2022"
"Charlien enkelit","13.2.2022"
"Biohackers: Kausi 1: Alku","2.2.2022"
"Teen Wolf: Kausi 3: Chaos Rising","17.1.2022"
"Black Lightning: Kausi 4: The Book of Ruin: Toinen luku: Theseus's Ship","8.1.2022"
"Teen Wolf: Kausi 3: Tattoo","25.12.2021"
"Teen Wolf: Kausi 3: Currents","25.12.2021"
"Teen Wolf: Kausi 2: Master Plan","25.12.2021"
"Teen Wolf: Kausi 2: Fury","25.12.2021"
"Teen Wolf: Kausi 2: Battlefield","23.12.2021"
"Teen Wolf: Kausi 2: Party Guessed","22.12.2021"
"The Last Summer","22.12.2021"
"Teen Wolf: Kausi 2: Raving","21.12.2021"
"Teen Wolf: Kausi 2: Restraint","21.12.2021"
"The Umbrella Academy: Kausi 1: We Only See Each Other at Weddings and Funerals","21.12.2021"
"Teen Wolf: Kausi 2: Frenemy","21.12.2021"
"Teen Wolf: Kausi 2: Venomous","21.12.2021"
"Teen Wolf: Kausi 2: Abomination","20.12.2021"
"Teen Wolf: Kausi 2: Ice Pick","20.12.2021"
"Teen Wolf: Kausi 2: Shape Shifted","20.12.2021"
"Teen Wolf: Kausi 2: Omega","19.12.2021"
"Teen Wolf: Kausi 1: Code Breaker","19.12.2021"
"Teen Wolf: Kausi 1: Formality","19.12.2021"
"Teen Wolf: Kausi 1: Co-Captain","19.12.2021"
"Teen Wolf: Kausi 1: Wolf's Bane","19.12.2021"
"Teen Wolf: Kausi 1: Lunatic","19.12.2021"
"Teen Wolf: Kausi 1: Night School","19.12.2021"
"Teen Wolf: Kausi 1: Heart Monitor","19.12.2021"
"Teen Wolf: Kausi 1: The Tell","19.12.2021"
"Teen Wolf: Kausi 1: Magic Bullet","18.12.2021"
"Teen Wolf: Kausi 1: Pack Mentality","18.12.2021"
"Teen Wolf: Kausi 1: Second Chance at First Line","18.12.2021"
"Teen Wolf: Kausi 1: Wolf Moon","18.12.2021"
"Warrior Nun: Kausi 1: Ilmestys 2:10","18.12.2021"
"Code 8","18.12.2021"
"Warrior Nun: Kausi 1: 2. kirje korinttilaisille 10:4","17.12.2021"
"Warrior Nun: Kausi 1: Sananlaskut 14:1","17.12.2021"
"Warrior Nun: Kausi 1: Kirje efesolaisille 4:22-24","17.12.2021"
"Warrior Nun: Kausi 1: Jesaja 30:20-21","17.12.2021"
"Warrior Nun: Kausi 1: Matteus 7:13","17.12.2021"
"Warrior Nun: Kausi 1: Sirak 26:9-10","17.12.2021"
"Warrior Nun: Kausi 1: Kirje efesolaisille 6:11","17.12.2021"
"Warrior Nun: Kausi 1: Sananlaskut 31:25","17.12.2021"
"Ragnarök: Kausi 1: Uusi poika","17.12.2021"
"Mowgli","16.12.2021"
"Sukellusvene U-96","16.12.2021"
"The Flash: Kausi 6: Success is Assured","13.12.2021"
"Eloonjääneet: Kausi 1: Sata selviytyjää","9.12.2021"
"Black Lightning: Kausi 4: The Book of Ruin: Luku 1: Picking Up the Pieces","2.12.2021"
"Black Lightning: Kausi 4: The Book of Reconstruction: Neljäs luku: A Light in the Darkness","1.12.2021"
"Black Lightning: Kausi 4: The Book of Reconstruction: Kolmas luku: Despite All My Rage...","1.12.2021"
"Black Lightning: Kausi 4: The Book of Reconstruction: Toinen luku: Unacceptable Losses","1.12.2021"
"Black Lightning: Kausi 4: The Book of Reconstruction: Luku 1: Collateral Damage","1.12.2021"
"Black Lightning: Kausi 3: The Book of War: Kolmas luku: Liberation","30.11.2021"
"Black Lightning: Kausi 3: The Book of War: Toinen luku: Freedom Ain't Free","30.11.2021"
"Black Lightning: Kausi 3: The Book of War: Ensimmäinen luku: Homecoming","30.11.2021"
"Black Lightning: Kausi 3: The Book of Markovia: Neljäs luku: Grab the Strap","30.11.2021"
"Black Lightning: Kausi 3: The Book of Markovia: Kolmas luku: Motherless ID","30.11.2021"
"Black Lightning: Kausi 3: The Book of Markovia: Toinen luku: Lynn's Addiction","29.11.2021"
"Black Lightning: Kausi 3: The Book of Markovia: Luku 1: Blessings and Curses Reborn","29.11.2021"
"Black Lightning: Kausi 3: The Book of Resistance: Luku 4: Earth Crisis","29.11.2021"
"Black Lightning: Kausi 3: The Book of Resistance: Luku 3: The Battle of Franklin Terrace","29.11.2021"
"Black Lightning: Kausi 3: The Book of Resistance: Luku 2: Henderson's Opus","29.11.2021"
"Black Lightning: Kausi 3: The Book of Resistance: Luku 1: Knocking on Heaven's Door","29.11.2021"
"Black Lightning: Kausi 3: The Book of Occupation: Luku 5: Requiem for Tavon","29.11.2021"
"Black Lightning: Kausi 3: The Book of Occupation: Luku 4: Lynn's Ouroboros","29.11.2021"
"Black Lightning: Kausi 3: The Book of Occupation: Luku 3: Agent Odell's Pipe-Dream","29.11.2021"
"Black Lightning: Kausi 3: The Book of Occupation: Luku 2: Maryam's Tasbih","28.11.2021"
"Black Lightning: Kausi 3: The Book of Occupation: Luku 1: Birth of Blackbird","28.11.2021"
"Black Lightning: Kausi 2: The Book of Apocalypse: Toinen luku: The Omega","28.11.2021"
"Black Lightning: Kausi 2: The Book of Apocalypse: Ensimmäinen luku: The Alpha","28.11.2021"
"Black Lightning: Kausi 2: The	Book of Secrets: Neljäs luku: Original Sin","28.11.2021"
"Black Lightning: Kausi 2: The	Book of Secrets: Kolmas luku: Pillar of Fire","28.11.2021"
"Black Lightning: Kausi 2: The	Book of Secrets: Toinen luku: Just and Unjust","28.11.2021"
"Black Lightning: Kausi 2: The	Book of Secrets: Ensimmäinen luku: Prodigal Son","28.11.2021"
"Black Lightning: Kausi 2: The	Book of Rebellion: Kolmas luku: Angelitos Negros","28.11.2021"
"Black Lightning: Kausi 2: The	Book of Rebellion: Toinen luku: Gift of Magi","27.11.2021"
"Black Lightning: Kausi 2: The Book of Rebellion: Ensimmäinen luku: Exodus","27.11.2021"
"Black Lightning: Kausi 2: The Book of Blood: Kolmas luku: The Sange","27.11.2021"
"Black Lightning: Kausi 2: The Book of Blood: Toinen luku: The Perdi","27.11.2021"
"Black Lightning: Kausi 2: The Book of Blood: Ensimmäinen luku: Requiem","27.11.2021"
"Black Lightning: Kausi 2: The	Book of Consequences: Neljäs luku: Translucent Freak","27.11.2021"
"Black Lightning: Kausi 2: The	Book of Consequences: Kolmas luku: Master Lowry","27.11.2021"
"Black Lightning: Kausi 2: The	Book of Consequences: Toinen luku: Black Jesus Blues","27.11.2021"
"Black Lightning: Kausi 2: The Book of Consequences: Ensimmäinen luku: The Rise of the Green Light Babies","26.11.2021"
"Black Lightning: Kausi 1: Shadow of Death: The Book of War","26.11.2021"
"Black Lightning: Kausi 1: The Resurrection and the Light: The Book of Pain","26.11.2021"
"Black Lightning: Kausi 1: Black Jesus: The Book of Crucifixion","26.11.2021"
"Black Lightning: Kausi 1: Sins of the Father: The Book of Redemption","26.11.2021"
"Black Lightning: Kausi 1: The Book of Little Black Lies","26.11.2021"
"Black Lightning: Kausi 1: The Book of Revelation","26.11.2021"
"Black Lightning: Kausi 1: Equinox: The Book of Fate","25.11.2021"
"Black Lightning: Kausi 1: Three Sevens: The Book of Thunder","25.11.2021"
"Black Lightning: Kausi 1: And Then the Devil Brought the Plague: The Book of Green Light","25.11.2021"
"Black Lightning: Kausi 1: Black Jesus","25.11.2021"
"Black Lightning: Kausi 1: LaWanda: The Book of Burial","25.11.2021"
"Black Lightning: Kausi 1: LaWanda: The Book of Hope","25.11.2021"
"Black Lightning: Kausi 1: The Resurrection","25.11.2021"
"Tiger King: Tiger King 2: Armahda minut","17.11.2021"
"The Flash: Kausi 7: Heart of the Matter, osa 1","17.11.2021"
"The Flash: Kausi 7: P.O.W.","17.11.2021"
"The Flash: Kausi 7: Enemy at the Gates","17.11.2021"
"The Flash: Kausi 7: Rayo De Luz","15.11.2021"
"Lähtölaskenta: Inspiration4-avaruuslento: Minisarja: Jakso 4","7.11.2021"
"The Flash: Kausi 7: Masquerade","7.11.2021"
"The Flash: Kausi 7: Good-Bye Vibrations","7.11.2021"
"I AM A KILLER: Kausi 2: Elämä käsissä","5.11.2021"
"The Flash: Kausi 7: Family Matters, osa 2","4.11.2021"
"The Flash: Kausi 7: Family Matters, osa 1","4.11.2021"
"The Flash: Kausi 6: Pay the Piper","4.11.2021"
"Huumeliiketoiminta: Minisarja: Kokaiini","4.11.2021"
"Maailman kovimmat vankilat: Kausi 4: Saksa: terapiaa tarjoava vankila","1.11.2021"
"Maailman kovimmat vankilat: Kausi 1: Puola","1.11.2021"
"Maailman kovimmat vankilat: Kausi 2: Ukraina: sota-alueella toimiva vankila","1.11.2021"
"Maailman kovimmat vankilat: Kausi 3: Romania: romanien vankila","1.11.2021"
"Maailman kovimmat vankilat: Kausi 5: Grönlanti: jäisen saaren suljettu vankila","1.11.2021"
"Maailman kovimmat vankilat: Kausi 4: Mauritius: ankarien rangaistusten vankila","1.11.2021"
"Maailman kovimmat vankilat: Kausi 3: Norja: täydellinen vankila?","1.11.2021"
"Maailman kovimmat vankilat: Kausi 2: Brasilia: jengiläisten vankila","1.11.2021"
"Maailman kovimmat vankilat: Kausi 1: Meksiko","1.11.2021"
"Maailman kovimmat vankilat: Kausi 5: Filippiinit: huumesodan täyttämä vankila","1.11.2021"
"Maailman kovimmat vankilat: Kausi 5: Etelä-Afrikka: numerojengiläisten vankila","1.11.2021"
"The Flash: Kausi 7: Timeless","1.11.2021"
"The Flash: Kausi 7: The People vs. Killer Frost","1.11.2021"
"Tiger King: Syrjäytetty","31.10.2021"
"Tiger King: Jalo tehtävä","31.10.2021"
"Tiger King: Tehdään Amerikasta jälleen eksoottinen","31.10.2021"
"Tiger King: Leikkiä tulella","31.10.2021"
"The Flash: Kausi 7: Growing Pains","31.10.2021"
"The Flash: Kausi 7: The One with the Nineties","31.10.2021"
"The Flash: Kausi 7: Fear Me","31.10.2021"
"The Flash: Kausi 7: Central City Strong","30.10.2021"
"The Flash: Kausi 6: Liberation","30.10.2021"
"Tiger King: Salaisuus","30.10.2021"
"Tiger King: Henkilökultti","30.10.2021"
"Tiger King: Joe, enemmän kuin perusjamppa","29.10.2021"
"The Flash: Kausi 7: Mother","29.10.2021"
"The Flash: Kausi 7: The Speed of Thought","29.10.2021"
"The Flash: Kausi 6: Love is a Battlefield","26.10.2021"
"The Flash: Kausi 6: Marathon","26.10.2021"
"The Flash: Kausi 6: Crisis on Infinite Earths: Hour Three","25.10.2021"
"The Flash: Kausi 6: The Last Temptation of Barry Allen, osa 2","25.10.2021"
"The Flash: Kausi 6: The Last Temptation of Barry Allen, osa 1","25.10.2021"
"The Flash: Kausi 6: License To Elongate","25.10.2021"
"The Flash: Kausi 6: Kiss Kiss Breach Breach","24.10.2021"
"The Flash: Kausi 6: There Will Be Blood","24.10.2021"
"The Flash: Kausi 6: Dead Man Running","24.10.2021"
"The Flash: Kausi 6: A Flash of The Lightning","24.10.2021"
"The Flash: Kausi 6: Into The Void","23.10.2021"
"The Flash: Kausi 5: Legacy","23.10.2021"
"The Flash: Kausi 5: The Girl With The Red Lightning","23.10.2021"
"The Flash: Kausi 5: Gone Rogue","23.10.2021"
"The Flash: Kausi 5: Snow Pack","23.10.2021"
"The Flash: Kausi 5: Godspeed","23.10.2021"
"The Flash: Kausi 5: Time Bomb","23.10.2021"
"The Flash: Kausi 5: Failure is an Orphan","23.10.2021"
"The Flash: Kausi 5: King Shark Vs Gorilla Grodd","23.10.2021"
"The Flash: Kausi 5: Cause and XS","23.10.2021"
"The Flash: Kausi 5: Goldfaced","23.10.2021"
"The Flash: Kausi 5: Memorabilia","23.10.2021"
"The Flash: Kausi 5: Seeing Red","23.10.2021"
"The Flash: Kausi 5: The	Flash & The Furious","22.10.2021"
"The Flash: Kausi 5: What's Past Is Prologue","22.10.2021"
"The Flash: Kausi 5: O Come,	 All Ye Thankful","22.10.2021"
"The Flash: Kausi 5: The Icicle Cometh","22.10.2021"
"The Flash: Kausi 5: All Doll'd Up","22.10.2021"
"Ihminen: Maailman mahtavin masiina: Reaktiot","21.10.2021"
"The Flash: Kausi 5: News Flash","21.10.2021"
"The Flash: Kausi 5: The Death of Vibe","20.10.2021"
"DC's Legends of Tomorrow: Kausi 3: Crisis on Earth-X, Osa 4","18.10.2021"
"DC's Legends of Tomorrow: Kausi 5: Meet The Legends","18.10.2021"
"Lähtölaskenta: Inspiration4-avaruuslento: Minisarja: Jakso 3","13.10.2021"
"The Flash: Kausi 5: Blocked","13.10.2021"
"Lähtölaskenta: Inspiration4-avaruuslento: Minisarja: Jakso 5","30.9.2021"
"Challenger: Viimeinen lento: Minisarja: Avaruus on avoinna kaikille","30.9.2021"
"Lähtölaskenta: Inspiration4-avaruuslento: Minisarja: Jakso 1","29.9.2021"
"Lähtölaskenta: Inspiration4-avaruuslento: Minisarja: Jakso 2","29.9.2021"
"The Flash: Kausi 5: Nora","27.9.2021"
"The Flash: Kausi 4: We Are the Flash","27.9.2021"
"The Flash: Kausi 4: Think Fast","27.9.2021"
"The Flash: Kausi 4: Harry and the Harrisons","27.9.2021"
"The Flash: Kausi 4: Therefore She Is","27.9.2021"
"The Flash: Kausi 4: Fury Rogue","27.9.2021"
"The Flash: Kausi 4: Lose Yourself","27.9.2021"
"The Flash: Kausi 4: Null and Annoyed","27.9.2021"
"The Flash: Kausi 4: Run Iris, Run","22.9.2021"
"The Flash: Kausi 4: Enter Flashtime","22.9.2021"
"The Flash: Kausi 4: Subject 9","22.9.2021"
"The Flash: Kausi 4: True Colors","22.9.2021"
"The Flash: Kausi 4: Honey, I Shrunk Team Flash","22.9.2021"
"The Flash: Kausi 4: The Elongated Knight Rises","22.9.2021"
"The Flash: Kausi 4: The Trial of the Flash","22.9.2021"
"The Flash: Kausi 4: Don't Run","22.9.2021"
"The Flash: Kausi 4: Crisis on Earth-X, Osa 3","22.9.2021"
"The Flash: Kausi 4: Therefore I Am","22.9.2021"
"The Flash: Kausi 4: When Harry Met Harry...","22.9.2021"
"The Flash: Kausi 4: Girl's Night Out","22.9.2021"
"The Flash: Kausi 4: Elongated Journey into Night","22.9.2021"
"The Flash: Kausi 4: Luck Be a Lady","22.9.2021"
"The Flash: Kausi 4: Mixed Signals","21.9.2021"
"The Flash: Kausi 3: Finish Line","20.9.2021"
"The Flash: Kausi 3: Infantino Street","19.9.2021"
"The Flash: Kausi 3: Cause and Effect","19.9.2021"
"The Flash: Kausi 3: I Know Who You Are","19.9.2021"
"The Flash: Kausi 3: The Once and Future Flash","19.9.2021"
"The Flash: Kausi 3: Abra Kadabra","19.9.2021"
"Bloodshot","13.9.2021"
"The Flash: Kausi 3: Duet","12.9.2021"
"The Flash: Kausi 3: Into the Speed Force","12.9.2021"
"The Flash: Kausi 3: The Wrath of Savitar","11.9.2021"
"The Flash: Kausi 3: Attack on Central City","10.9.2021"
"The Flash: Kausi 3: Attack on Gorilla City","10.9.2021"
"The Flash: Kausi 3: Untouchable","10.9.2021"
"The Flash: Kausi 3: Dead or Alive","10.9.2021"
"The Flash: Kausi 2: The Race of His Life","6.9.2021"
"The Flash: Kausi 2: Invincible","5.9.2021"
"The Flash: Kausi 2: The Runaway Dinosaur","5.9.2021"
"The Flash: Kausi 2: Rupture","5.9.2021"
"The Flash: Kausi 2: Back to Normal","5.9.2021"
"The Flash: Kausi 2: Versus Zoom","5.9.2021"
"The Flash: Kausi 2: Flash Back","5.9.2021"
"The Flash: Kausi 2: Trajectory","5.9.2021"
"The Flash: Kausi 2: King Shark","5.9.2021"
"The Flash: Kausi 2: Escape From Earth-2","5.9.2021"
"The Flash: Kausi 2: Welcome to Earth-2","5.9.2021"
"The Flash: Kausi 2: Fast Lane","5.9.2021"
"The Flash: Kausi 2: The Reverse-Flash Returns","5.9.2021"
"The Flash: Kausi 2: Potential Energy","5.9.2021"
"The Flash: Kausi 2: Running to Stand Still","4.9.2021"
"The Flash: Kausi 2: Legends of Today","4.9.2021"
"The Flash: Kausi 2: Gorilla Warfare","4.9.2021"
"The Flash: Kausi 2: Enter Zoom","4.9.2021"
"The Flash: Kausi 2: The Darkness and the Light","3.9.2021"
"The Flash: Kausi 2: The Fury of Firestorm","3.9.2021"
"The Flash: Kausi 2: Family of Rogues","3.9.2021"
"The Flash: Kausi 1: Rogue Air","2.9.2021"
"The Flash: Kausi 1: Grodd Lives","2.9.2021"
"The Flash: Kausi 1: The Trap","2.9.2021"
"The Flash: Kausi 1: Who Is Harrison Wells?","2.9.2021"
"The Flash: Kausi 1: Fallout","2.9.2021"
"The Flash: Kausi 1: The Nuclear Man","2.9.2021"
"The Flash: Kausi 1: Crazy for You","2.9.2021"
"The Flash: Kausi 1: The Sound and the Fury","2.9.2021"
"The Flash: Kausi 1: Revenge of the Rogues","2.9.2021"
"The Flash: Kausi 1: The Man in the Yellow Suit","2.9.2021"
"The Flash: Kausi 1: Flash vs. Arrow","2.9.2021"
"The Flash: Kausi 1: Power Outage","2.9.2021"
"The Flash: Kausi 1: The Flash Is Born","1.9.2021"
"The Flash: Kausi 1: Plastique","1.9.2021"
"The Flash: Kausi 1: Going Rogue","1.9.2021"
"The Flash: Kausi 1: Things You Can't Outrun","1.9.2021"
"Arrow: Kausi 8: Crisis on Infinite Earths: Hour Four","31.8.2021"
"Viime henkäys","27.8.2021"
"The Flash: Kausi 6: So Long and Goodnight","21.8.2021"
"The Flash: Kausi 6: The Exorcism of Nash Wells","21.8.2021"
"The Flash: Kausi 6: Death of the Speed Force","21.8.2021"
"The Flash: Kausi 6: Grodd Friended Me","21.8.2021"
"The Flash: Kausi 6: A Girl Named Sue","21.8.2021"
"DC's Legends of Tomorrow: Kausi 5: Crisis on Infinite Earths: Hour Five","20.8.2021"
"DC's Legends of Tomorrow: Kausi 1: Pilotti: Osa 1","20.8.2021"
"The Flash: Kausi 5: Elseworlds: Hour One","18.8.2021"
"The Flash: Kausi 1: Fastest Man Alive","15.8.2021"
"The Flash: Kausi 1: Pilotti","15.8.2021"
"Superstore: Kausi 1: Pilotti","9.8.2021"
"Arrow: Kausi 5: Legacy","3.8.2021"
"Arrow: Kausi 1: Pilotti","3.8.2021"
